﻿<?xml version="1.0" encoding="utf-8" standalone="yes" ?>
<?xml-stylesheet type="text/xsl" href="modx.prosilver.en.xsl"?>
<!--For security purposes, please check: http://www.phpbb.com/mods/ for the latest version of this MOD. Although MODs are checked before being allowed in the MODs Database there is no guarantee that there are no security problems within the MOD. No support will be given for MODs not found within the MODs Database which can be found at http://www.phpbb.com/mods/-->
<!-- $Id: install.xml 31M 2007-08-04 21:44:15Z (local) $ -->
<mod xmlns:xsi="http://www.w3.org/2001/XMLSchema-instance" xmlns="http://www.phpbb.com/mods/xml/modx-1.2.1.xsd">
	<header>
		<license>http://opensource.org/licenses/gpl-license.php GNU General Public License v2</license>

		    <title lang="en">User Stars</title>

    <description lang="en">Admins can give any user a 'Star'. 
The Star is an image that will show next to their username in viewtopic and profiles.
This Star can be used as a reward system - good users get a Star. Or for marking donators to your site.
You can set, per user, text that will show up when you hover over the users star image.
</description>
    <author-notes lang="en"><![CDATA[This is a remake of my phpBB2 MOD - please note that I will not be providing an upgrade path from the phpBB2 version to phpBB3.]]></author-notes>

    <author-group>
      <author>
        <username>cherokee red</username>
        <realname>Kenny Cameron</realname>
        <homepage>http://www.sixstringmods.co.uk</homepage>
        <email>userstars@sixstringmods.co.uk</email>
      </author>
    </author-group>
    
    <mod-version>1.0.0</mod-version>

    <installation>
      <level>intermediate</level>
      <time>900</time>
      <target-version>3.0.2</target-version>
    </installation>

    <history>
      <entry>
        <date>2008-04-02</date>
          <rev-version>BETA1</rev-version>
        <changelog lang="en">
          <change>1st Beta Release</change>
        </changelog>
      </entry>
      <entry>
        <date>2008-05-19</date>
          <rev-version>BETA2</rev-version>
        <changelog lang="en">
          <change>Added ability to specify image from the ACP (Board Settings)</change>
          <change>Added ability to specify alt. text for image - this is a per user setting ACP (Users -> Overview)</change>
          <change>Added star image to Viewonline page</change>
        </changelog>
      </entry>
      <entry>
        <date>2008-09-16</date>
          <rev-version>RC1</rev-version>
        <changelog lang="en">
          <change>Add Star to Who is Online (Index and forum pages)</change>
          <change>Updated for MODx 1.2.1</change>
        </changelog>
      </entry>
      <entry>
        <date>2008-09-28</date>
          <rev-version>RC2</rev-version>
        <changelog lang="en">
          <change>Fixed 2 bugs in includes/functions.php</change> 
          <change>Fixed star image folder name</change>
          <change>Missing language var in language/en/acp/acp_board.php</change>
        </changelog>
      </entry>
      <entry>
        <date>2008-12-01</date>
          <rev-version>1.0.0</rev-version>
        <changelog lang="en">
          <change>Cleaned up code - making use of in-line if statements</change>
          <change>Fixed bug #M26161 - Star image not showing properly in who's online (includes/functions.php edit)</change>
          <change>Fixed bug #M26162 - Missing edits for memberlist_leaders.html in MODx</change>
          <change>Fixed bugs in MODx file</change>          
          <change>Re-worked some FIND's due to phpBB 3.0.3</change>
        </changelog>
      </entry>
    </history>
  </header>

	<action-group>
		<sql><![CDATA[ALTER TABLE phpbb_users  ADD user_star tinyint(1) unsigned NOT NULL default '0';
ALTER TABLE phpbb_users  ADD user_star_text varchar(255) NOT NULL default 'is a power member';
INSERT INTO phpbb_config (config_name, config_value, is_dynamic) VALUES ('user_star_img', 'images/star/star.gif', '0');]]></sql>
	<copy>
      <file from="root/images/star/star.gif" to="images/star/star.gif" />
    </copy>
		<open src="adm/style/acp_users_overview.html">
			<edit>
				<find><![CDATA[<dl>
	<dt><label>{L_WARNINGS}:</label></dt>]]></find>
				<action type="before-add"><![CDATA[<dl>
	<dt><label for="user_star">{L_USER_STAR}:</label><br /><span>{L_USER_STAR_EXPLAIN}</span></dt>
	<dd><label><input type="radio" class="radio" name="user_star" value="1"<!-- IF USER_STAR --> id="user_star" checked="checked"<!-- ENDIF --> /> {L_YES}</label>
		<label><input type="radio" class="radio" name="user_star" value="0"<!-- IF not USER_STAR --> id="user_star" checked="checked"<!-- ENDIF --> /> {L_NO}</label></dd>
</dl>
<dl>
	<dt><label for="user_star_textl">{L_USER_STAR_TEXT}:</label><br /><span>{L_USER_STAR_TEXT_EXPLAIN}</span></dt>
	<dd><input class="text medium" type="text" id="user_star_text" name="user_star_text" value="{USER_STAR_TEXT}" /></dd>
</dl>]]></action>
			</edit>
		</open>

		<open src="includes/acp/acp_board.php">
			<edit>
				<find>					)
				);
			break;

			case 'features':</find>
				<action type="before-add">
						'legend3'				=> 'USER_STAR',
						'user_star_img'	=> array('lang' => 'USER_STAR_IMG',	'validate' => 'string',	'type' => 'text:40:255', 'explain' => true),</action>
			</edit>
		</open>	
		<open src="includes/acp/acp_users.php">
			<edit>
				<find>						'user_founder'		=> request_var('user_founder', ($user_row['user_type'] == USER_FOUNDER) ? 1 : 0),</find>
				<action type="before-add">						'user_star'		=> request_var('user_star', $user_row['user_star'], true),
						'user_star_text'	=> request_var('user_star_text', $user_row['user_star_text'], true),</action>
			</edit>		
			<edit>						
				<find>					$update_email = ($data['email'] != $user_row['user_email']) ? $data['email'] : false;</find>
				<action type="before-add">					$update_user_star = ($user_row['user_star'] != $data['user_star']) ? $data['user_star'] : false;
					$update_user_star_text = ($user_row['user_star_text'] != $data['user_star_text']) ? $data['user_star_text'] : false;</action>
			</edit>			
			<edit>					
				<find>						if ($update_email !== false)</find>
				<action type="before-add">						if ($update_user_star !== false)
						{
							$sql_ary += array('user_star'	=> $update_user_star);

							add_log('user', $user_id, 'LOG_USER_UPDATE_STAR', $user_row['username'], $user_row['user_star'], $update_user_star);
						}

						if ($update_user_star_text !== false)
						{
							$sql_ary += array('user_star_text'	=> $update_user_star_text);

							add_log('user', $user_id, 'LOG_USER_UPDATE_STAR_TEXT', $user_row['username'], $user_row['user_star_text'], $update_user_star_text);
						}</action>
			</edit>		
			<edit>							
				<find>					'USER_INACTIVE_REASON'	=> $inactive_reason,</find>						
				<action type="before-add">					'USER_STAR'	=> $user_row['user_star'],
					'USER_STAR_TEXT'	=> $user_row['user_star_text'],</action>	
			</edit>								
		</open>	
		<open src="includes/functions.php">
			<edit>
				<find>	if (sizeof($online_users['online_users']))
	{
		$sql = 'SELECT username,</find>
				<inline-edit>
					<inline-find>user_colour</inline-find>
					<inline-action type="after-add">, user_star, user_star_text</inline-action>
				</inline-edit>	
			</edit>
			<edit>								
				<find>			if ($row['user_id'] != ANONYMOUS)
			{</find>				
				<action type="after-add">
				global $phpbb_root_path;
				$user_star = ($row['user_star'] == 1) ? '<![CDATA[<img src="' . $phpbb_root_path . $config['user_star_img'] . '" alt="' . $row['username'] . ' ' . $row['user_star_text'] . '" title="' . $row['username'] . ' ' . $row['user_star_text'] . '" />]]>' : '';
				</action>
			</edit>
			<edit>							
				<find>					$online_userlist .= ($online_userlist != '') ? ', ' . $user_online_link : $user_online_link;</find>
				<inline-edit>
					<inline-find>$user_online_link : $user_online_link;</inline-find>
					<inline-action type="replace-with">$user_online_link . '' . $user_star : $user_online_link . '' . $user_star;</inline-action>
				</inline-edit>									
			</edit>
		</open>
		<open src="language/en/acp/board.php">
			<edit>
				<find>	'WARNINGS_EXPIRE_EXPLAIN'		=> 'Number of days that will elapse before the warning will automatically expire from a user’s record.',</find>
				<action type="after-add">	'USER_STAR'		=> 'User Star Settings',
	'USER_STAR_IMG'		=> 'User Star Image Path',
	'USER_STAR_IMG_EXPLAIN'		=> 'The location of the star image to give to users, relative to the phpBB root.',</action>
			</edit>
		</open>	
		<open src="language/en/acp/common.php">
			<edit>
				<find>	'ACP_USER_SIG'					=> 'Signature',</find>
				<action type="after-add">	'ACP_USER_STAR'					=> 'User Star',
	'ACP_USER_STAR_TEXT'				=> 'User Star Text',
	'ACP_USER_STAR_IMG'				=> 'User Star Image',</action>
			</edit>
			<edit>				
				<find>?></find>
				<action type="before-add"><![CDATA[// user star	
$lang = array_merge($lang, array(
	'ACP_STAR_SETTINGS'		=> 'User Star settings',
	'LOG_CONFIG_STAR'			=> '<strong>Altered user star settings</strong>',
	'LOG_USER_UPDATE_STAR'		=> '<strong>Added\Removed user\'s star</strong><br />» %s',
	'LOG_USER_UPDATE_STAR_TEXT'		=> '<strong>Update user\'s star title</strong><br />» from "%2$s" to "%3$s"',
));
]]>
</action>
			</edit>
		</open>	
		<open src="language/en/acp/users.php">
			<edit>
				<find>	'USER_SIG_UPDATED'				=> 'User signature successfully updated.',</find>
				<action type="after-add">	'USER_STAR'					=> 'User star',
	'USER_STAR_EXPLAIN'				=> 'Allows you to give a star to, or take a star from a user',
	'USER_STAR_TEXT'				=> 'User star text',
	'USER_STAR_TEXT_EXPLAIN'			=> 'Specify the text to show up when hovering over the users star image.',</action>
			</edit>
		</open>	
		<open src="memberlist.php">
			<edit>
				<find>'SELECT'	=> 'u.user_id, u.group_id</find>
				<inline-edit>
					<inline-find>u.user_allow_pm, </inline-find>
					<inline-action type="after-add">u.user_star, u.user_star_text, </inline-action>
				</inline-edit>
			</edit>
			<edit>							
				<find>			$template->assign_block_vars($which_row, array(</find>
				<action type="before-add">				$user_star = ($row['user_star'] == 1) ? '<![CDATA[<img src="' . $phpbb_root_path . $config['user_star_img'] . '" alt="' . $row['username'] . ' ' . $row['user_star_text'] . '" title="' . $row['username'] . ' ' . $row['user_star_text'] . '" />]]>' : '';
			</action>
			</edit>
			<edit>	
				<comment>This places the star on the "team" page</comment>					
				<find>				'RANK_IMG_SRC'	=> $rank_img_src,</find>
				<action type="after-add">				'USER_STAR'		=> $user_star,</action>
			</edit>
			<edit>							
				<find>			$zebra_enabled = ($module->active_module === false) ? false : true;

			unset($module);
		}</find>
				<action type="after-add">		$user_star = ($member['user_star'] == 1) ? '<![CDATA[<img src="' . $phpbb_root_path . $config['user_star_img'] . '" alt="' . $member['username'] . ' ' . $member['user_star_text'] . '" title="' . $member['username'] . ' ' . $member['user_star_text'] . '" />]]>' : '';
		</action>
			</edit>
			<edit>
				<comment>This places the star on the view profile page</comment>					
				<find>			'S_PROFILE_ACTION'	=> append_sid("{$phpbb_root_path}memberlist.$phpEx", 'mode=group'),</find>
				<action type="before-add">			'USER_STAR'	=> $user_star,</action>
			</edit>
			<edit>							
				<find>	// Dump it out to the template</find>
				<action type="before-add">	$user_star = ($data['user_star'] == 1) ? '<![CDATA[<img src="' . $phpbb_root_path . $config['user_star_img'] . '" alt="' . $data['username'] . ' ' . $data['user_star_text'] . '" title="' . $data['username'] . ' ' . $data['user_star_text'] . '" />]]>' : '';
		</action>			
			</edit>
			<edit>	
				<comment>This places the star on the main memberlist page</comment>					
				<find>		'USER_ICQ'			=> $data['user_icq'],</find>
				<action type="before-add">		'USER_STAR'			=> $user_star,</action>	
			</edit>
		</open>	

		<open src="ucp.php">
			<edit>
				<find>'SELECT'	=> 'u.user_id, u.username,</find>
				<inline-edit>
					<inline-find>u.user_colour, </inline-find>
					<inline-action type="after-add">u.user_star, u.user_star_text, </inline-action>
				</inline-edit>
			</edit>
			<edit>							
				<find>		$template->assign_block_vars("friends_{$which}", array(</find>
				<action type="before-add">		$user_star = ($row['user_star'] == 1) ? '<![CDATA[<img src="' . $phpbb_root_path . $config['user_star_img'] . '" alt="' . $row['username'] . ' ' . $row['user_star_text'] . '" title="' . $row['username'] . ' ' . $row['user_star_text'] . '" />]]>' : '';
</action>
			</edit>
			<edit>			
				<find>			'USER_ID'		=> $row['user_id'],</find>
				<action type="after-add">			'USER_STAR'		=> $user_star,</action>			
			</edit>
		</open>	
		<open src="viewonline.php">
			<edit>
				<find>// Get user list
$sql = 'SELECT u.user_id,</find>
				<inline-edit>
					<inline-find>u.user_colour, </inline-find>
					<inline-action type="after-add">u.user_star, u.user_star_text, </inline-action>
				</inline-edit>
			</edit>
			<edit>							
				<find>		if (!$row['session_viewonline'])</find>
				<action type="before-add">		$user_star = ($row['user_star'] == 1) ? '<![CDATA[<img src="' . $phpbb_root_path . $config['user_star_img'] . '" alt="' . $row['username'] . ' ' . $row['user_star_text'] . '" title="' . $row['username'] . ' ' . $row['user_star_text'] . '" />]]>' : '';
</action>
			</edit>
			<edit>			
				<find>		'USERNAME_FULL'		=> $username_full,</find>
				<action type="after-add">		'USER_STAR' 		=> $user_star,</action>			
			</edit>
		</open>	
		<open src="viewtopic.php">
			<edit>
				<find>			$user_cache[$poster_id] = array(</find>
				<find>				'username'			=> $row['username'],</find>
				<action type="before-add">				'user_star'			=> $row['user_star'],
				'user_star_text'		=> $row['user_star_text'],</action>
			</edit>
			<edit>							
				<find>			if (!empty($row['user_allow_viewemail'])</find>
				<action type="before-add">			$user_cache[$poster_id]['user_star'] = ($row['user_star'] == 1) ? '<![CDATA[<img src="' . $phpbb_root_path . $config['user_star_img'] . '" alt="' . $row['username'] . ' ' . $row['user_star_text'] . '" title="' . $row['username'] . ' ' . $row['user_star_text'] . '" />]]>' : '';
</action>
			</edit>
			<edit>			
				<find>		'POSTER_AGE'		=> $user_cache[$poster_id]['age'],</find>
				<action type="after-add">		'POSTER_STAR'		=> $user_cache[$poster_id]['user_star'],</action>			
			</edit>
		</open>
		<open src="styles/prosilver/template/memberlist_body.html">
			<edit>
				<find><![CDATA[		<td><!-- IF memberrow.RANK_IMG -->]]></find>
        		<inline-edit>
            		<inline-find><![CDATA[{memberrow.USERNAME_FULL}]]></inline-find>
            		<inline-action type="after-add"><![CDATA[ <!-- IF memberrow.USER_STAR -->{memberrow.USER_STAR}<!-- ENDIF -->]]></inline-action>
        		</inline-edit>	
			</edit>
		</open>        		
		<open src="styles/prosilver/template/memberlist_view.html">
			<edit>        		
				<find><![CDATA[<h2>{PAGE_TITLE}</h2>]]></find>    
        		<inline-edit>
            		<inline-find><![CDATA[{PAGE_TITLE}]]></inline-find>
            		<inline-action type="after-add"><![CDATA[ <!-- IF USER_STAR -->{USER_STAR}<!-- ENDIF -->]]></inline-action>
        		</inline-edit>					    					
			</edit>
		</open>
		<open src="styles/prosilver/template/viewtopic_body.html">
			<edit>        		
				<find><![CDATA[ {postrow.POST_AUTHOR_FULL}<!-- ENDIF -->]]></find>
				<action type="after-add"><![CDATA[				<!-- IF postrow.POSTER_STAR -->{postrow.POSTER_STAR}<!-- ENDIF -->]]></action>			    					
			</edit>
		</open>
    <diy-instructions lang="en"><![CDATA[Remember to purge your cache and refresh your browser after making template edits.
You can easily change the location of the star image to another folder of you choice.
    Go to your ACP -> Board Configuration -> Board Settings and you can chage it there]]></diy-instructions>			
  </action-group>
</mod>